,Answer.classify_account,count,percentage
0,missing,16,2.990654205607477
1,non_english,57,10.654205607476635
2,personal,81,15.14018691588785
3,promoting,381,71.21495327102804
