,Answer.category_most_index,count,percentage
0,arts,94,9.325396825396826
1,beauty,75,7.440476190476191
2,family,88,8.73015873015873
3,gastronomy,81,8.035714285714286
4,health,50,4.9603174603174605
5,other,365,36.21031746031746
6,politics,22,2.1825396825396823
7,sports,13,1.2896825396825395
8,style,100,9.920634920634921
9,travel,120,11.904761904761903
