,Answer.classify_account,count,percentage
0,missing,49,2.9914529914529915
1,non_english,167,10.195360195360195
2,personal,334,20.39072039072039
3,promoting,1088,66.42246642246641
