,promotional,category_not_other
1,66.42246642246641,44.13919413919414
