,Answer.category_most_index,count,percentage
0,arts,2,2.4096385542168677
1,beauty,8,9.63855421686747
2,family,7,8.433734939759036
3,gastronomy,12,14.457831325301203
4,health,5,6.024096385542169
5,other,29,34.93975903614458
6,sports,2,2.4096385542168677
7,style,2,2.4096385542168677
8,travel,16,19.27710843373494
