,Answer.classify_account,count,percentage
0,missing,13,4.377104377104377
1,non_english,28,9.427609427609427
2,personal,18,6.0606060606060606
3,promoting,238,80.13468013468014
