,Answer.classify_account,count,percentage
0,missing,24,5.56844547563805
1,non_english,50,11.600928074245939
2,personal,96,22.2737819025522
3,promoting,261,60.556844547563806
