,Answer.classify_account,count,percentage
0,missing,70,5.303030303030303
1,non_english,149,11.287878787878789
2,personal,331,25.075757575757574
3,promoting,770,58.333333333333336
