,promotional,category_not_other
1,58.333333333333336,39.92424242424242
