,Answer.classify_account,count,percentage
0,missing,19,8.085106382978724
1,non_english,29,12.340425531914894
2,personal,27,11.48936170212766
3,promoting,160,68.08510638297872
