,Answer.classify_account,count,percentage
0,missing,25,7.575757575757576
1,non_english,23,6.969696969696971
2,personal,93,28.18181818181818
3,promoting,189,57.27272727272727
