,Answer.classify_account,count,percentage
0,missing,7,14.285714285714285
1,non_english,5,10.204081632653061
2,personal,6,12.244897959183673
3,promoting,31,63.26530612244898
