,Answer.category_most_index,count,percentage
0,beauty,1,5.555555555555555
1,family,1,5.555555555555555
2,gastronomy,2,11.11111111111111
3,other,10,55.55555555555556
4,style,1,5.555555555555555
5,travel,3,16.666666666666664
