,Answer.classify_account,count,percentage
0,missing,7,6.481481481481481
1,non_english,8,7.4074074074074066
2,personal,23,21.296296296296298
3,promoting,70,64.81481481481481
