,Answer.classify_account,count,percentage
0,missing,26,4.4520547945205475
1,non_english,52,8.904109589041095
2,personal,191,32.70547945205479
3,promoting,315,53.93835616438356
