,Answer.classify_account,count,percentage
0,missing,122,6.161616161616162
1,non_english,187,9.444444444444445
2,personal,775,39.141414141414145
3,promoting,896,45.25252525252525
