,promotional,category_not_other
1,45.25252525252525,30.353535353535353
