,Answer.classify_account,count,percentage
0,missing,7,5.511811023622047
1,non_english,9,7.086614173228346
2,personal,41,32.28346456692913
3,promoting,70,55.118110236220474
