,Answer.category_most_index,count,percentage
0,arts,1,4.166666666666666
1,beauty,5,20.833333333333336
2,gastronomy,3,12.5
3,health,1,4.166666666666666
4,other,4,16.666666666666664
5,politics,1,4.166666666666666
6,travel,9,37.5
