,Answer.classify_account,count,percentage
0,missing,21,4.952830188679245
1,non_english,39,9.19811320754717
2,personal,84,19.81132075471698
3,promoting,280,66.0377358490566
