,Answer.classify_account,count,percentage
0,missing,76,5.770690964312832
1,non_english,129,9.79498861047836
2,personal,331,25.13287775246773
3,promoting,781,59.301442672741075
