,Answer.classify_account,count,percentage
0,missing,15,8.02139037433155
1,non_english,21,11.229946524064172
2,personal,15,8.02139037433155
3,promoting,136,72.72727272727273
