,Answer.category_most_index,count,percentage
0,arts,2,4.545454545454546
1,beauty,4,9.090909090909092
2,gastronomy,3,6.8181818181818175
3,health,4,9.090909090909092
4,other,11,25.0
5,politics,1,2.272727272727273
6,sports,1,2.272727272727273
7,style,2,4.545454545454546
8,travel,16,36.36363636363637
